{"nextId":24,"logins":[{"id":23,"hostname":"http://82.156.12.72:8000","httpRealm":null,"formSubmitURL":"","usernameField":"","passwordField":"","encryptedUsername":"MDIEEPgAAAAAAAAAAAAAAAAAAAEwFAYIKoZIhvcNAwcECGc4VD5TesgeBAh2vEIXeA588w==","encryptedPassword":"MFIEEPgAAAAAAAAAAAAAAAAAAAEwFAYIKoZIhvcNAwcECBzR9YP640iDBChHRleoB5UxubwFoemfZy4eVjmx+QBhuVelSOC8oRJNyl4hkNpfULss","guid":"{1b0d5994-278c-49f2-851f-7017813e495d}","encType":1,"timeCreated":1632715150116,"timeLastUsed":1632715150116,"timePasswordChanged":1632715150116,"timesUsed":1}],"potentiallyVulnerablePasswords":[],"dismissedBreachAlertsByLoginGUID":{},"version":3}